idParcela,Valuacion_Danios
2519551-SAN ROQUE,461854.7948021982
2449020-SAN ROQUE,216769.3244702944
2448933-SAN ROQUE,563186.7515213195
1205390-SANTIAGO,1033537.5433216859
1141971-SAN ROQUE,3656.3179025370077
2335841-SANTIAGO,2349882.2740761186
1204121-SANTIAGO,1599144.8545034998
1204123-SANTIAGO,1462784.0608645095
1204524-SANTIAGO,783218.1479540538
1199984-SANTIAGO,8344918.865830061
1202019-SANTIAGO,4028923.337573419
1157327-SAN ROQUE,87064.02799247272
2519550-SAN ROQUE,2416987.528587177
1134835-SAN ROQUE,2888826.402711039
1188848-SAN ROQUE,2437636.854721407
2449054-SAN ROQUE,149957.090304065
2073839-SAN ROQUE,114598.89007040841
1204555-SANTIAGO,124555.18162937656
1188589-SAN ROQUE,1668882.8855748528
1135164-SAN ROQUE,84863.33520928821
1204478-SANTIAGO,1255481.5166535757
1140245-SAN ROQUE,691550.2834834653
1188849-SAN ROQUE,3007043.4229664407
2394601-SAN ROQUE,2697595.775427288
2120789-SAN ROQUE,3186059.146043694
1135353-SAN ROQUE,232588.16960320773
1204469-SANTIAGO,1086135.6796234194
1136156-SAN ROQUE,3192702.9298737734
1140818-SAN ROQUE,318795.78121947515
1204668-SANTIAGO,338544.29044112156
1140625-SAN ROQUE,980245.4754412097
1202964-SANTIAGO,17081.972396171066
2445412-SAN ROQUE,766277.4065767211
1188588-SAN ROQUE,1045217.9549741524
2448947-SAN ROQUE,447627.19322193513
1188599-SAN ROQUE,2203564.965846746
1197664-SAN ROQUE,36556.59625317732
1136525-SAN ROQUE,432433.2269115859
1205391-SANTIAGO,331009.36926183884
1205256-SANTIAGO,436386.0542066393
1204633-SANTIAGO,149620.5233543851
1187806-SAN ROQUE,892176.4096289916
1205379-SANTIAGO,1309452.2911520868
1186360-SAN ROQUE,821568.5984178785
1204112-SANTIAGO,505161.9068475523
1187468-SAN ROQUE,633298.144428714
2561054-SANTIAGO,899400.5170172133
1135339-SAN ROQUE,128787.97802847343
1135946-SAN ROQUE,768699.1706068526
1984669-SAN ROQUE,1089077.2752375635
2523890-SAN ROQUE,2552821.0151867266
1136810-SAN ROQUE,1038431.9345323455
1188840-SAN ROQUE,1652430.1313562
1136707-SAN ROQUE,2258245.439687411
1204511-SANTIAGO,909115.9179213926
1204108-SANTIAGO,408031.289619278
2523891-SAN ROQUE,2865121.60056495
1136843-SAN ROQUE,278361.95723579975
2121220-SANTIAGO,787110.6661607369
2448919-SAN ROQUE,4428553.443915425
1204722-SANTIAGO,1006975.175992258
1993212-SAN ROQUE,36692305.46778799
1140790-SAN ROQUE,496291.67289383063
1204484-SANTIAGO,216095.21229939375
1136807-SAN ROQUE,356048.58146271703
1204278-SANTIAGO,1142377.507461749
1200047-SANTIAGO,3715279.3991382704
1172095-SAN ROQUE,527506.4367736289
1147417-SAN ROQUE,53584.00122594979
1135546-SAN ROQUE,362482.5894718259
2108853-SAN ROQUE,1001447.1664730652
1204695-SANTIAGO,163876.9743268758
1204105-SANTIAGO,551870.6555507308
1202012-SANTIAGO,1161272.735292507
1200152-SANTIAGO,2405097.683411303
2089502-SAN ROQUE,1011773.2909535222
2041051-SAN ROQUE,82022.14499238618
1202015-SANTIAGO,1436432.512027914
1202278-SANTIAGO,174485.26086775734
1204503-SANTIAGO,987676.9128321549
2536908-SANTIAGO,1965532.9593376766
1134725-SAN ROQUE,3510607.1407843125
1174624-SAN ROQUE,404633.82309132244
1189542-SAN ROQUE,98018.33857257856
1136528-SAN ROQUE,232623.40020298742
1136376-SAN ROQUE,25313.35906985163
1136507-SAN ROQUE,3559401.712728638
1174831-SAN ROQUE,772807.4583249761
1169722-SAN ROQUE,700964.5797116262
1169021-SAN ROQUE,3452361.7146963417
1157666-SAN ROQUE,9359.509118819162
1188579-SAN ROQUE,2330784.8972623907
1189058-SAN ROQUE,494808.89342099923
1140829-SAN ROQUE,476251.64042572357
1157893-SAN ROQUE,99988.80355410228
1174219-SAN ROQUE,775873.1148845293
1202079-SANTIAGO,3132346.180805481
1204473-SANTIAGO,913529.0090127514
2458022-SAN ROQUE,7011335.192891291
1171077-SAN ROQUE,9521.968825248105
2449047-SAN ROQUE,2190391.269384256
1188846-SAN ROQUE,4799339.537547532
2117982-SANTIAGO,5242284.084468375
1204489-SANTIAGO,897714.5157803093
1175143-SAN ROQUE,101515.3771966544
1204163-SANTIAGO,274919.54653239367
1993208-SAN ROQUE,23760803.22099408
1140826-SAN ROQUE,354429.24097007315
2073732-SAN ROQUE,3969412.212669983
2536901-SANTIAGO,1620915.641692102
1148822-SAN ROQUE,88970.64075282095
2170338-SAN ROQUE,72595.88312884871
1188729-SAN ROQUE,533963.6118921079
2204163-SAN ROQUE,1156579.3932411552
1135364-SAN ROQUE,621461.4329186917
1202415-SANTIAGO,215079.44276557126
1204279-SANTIAGO,281396.7551688719
1137568-SAN ROQUE,8568.445686418221
2311449-SAN ROQUE,31959.537978531167
1162821-SAN ROQUE,82441.54079112636
1172023-SAN ROQUE,1126428.2304910773
1140133-SAN ROQUE,1224152.251233574
1202336-SANTIAGO,399428.926709321
2448952-SAN ROQUE,4565530.740989794
1187167-SAN ROQUE,437914.4567067886
2448912-SAN ROQUE,1221041.2206055191
2342903-SANTIAGO,349103.2201300208
1204171-SANTIAGO,2535979.980281941
1136508-SAN ROQUE,315388.53058216395
1173903-SAN ROQUE,2563863.7192496792
1205396-SANTIAGO,135138.0662861169
1147200-SAN ROQUE,10366.855034913186
1202323-SANTIAGO,661108.6914560138
2342902-SANTIAGO,339921.2769141097
1170587-SAN ROQUE,288363.35076494404
1140361-SAN ROQUE,674641.4311377477
2536904-SANTIAGO,843607.4947362801
1182030-SAN ROQUE,201411.78134491996
1204174-SANTIAGO,3483305.032338804
2241207-SAN ROQUE,592641.2293698457
1204104-SANTIAGO,341589.711081667
1135392-SAN ROQUE,313806.25902573206
2449027-SAN ROQUE,963685.3658876567
1136639-SAN ROQUE,244683.93572518765
2561053-SANTIAGO,509503.5328191981
1136509-SAN ROQUE,1006985.0122352068
1135743-SAN ROQUE,216561.9849887358
1142786-SAN ROQUE,67099.78104136263
1201297-SANTIAGO,3609.394880863179
1202322-SANTIAGO,298568.18881078565
1205355-SANTIAGO,457849.9089083676
1204531-SANTIAGO,741619.28787465
1204129-SANTIAGO,2819034.126496681
1135341-SAN ROQUE,762060.7813491065
1187804-SAN ROQUE,875811.9106137089
2073090-SAN ROQUE,317672.8685093851
1172025-SAN ROQUE,2782324.053127285
1204125-SANTIAGO,1340274.1877047175
2311455-SAN ROQUE,9411.3714499517
1136814-SAN ROQUE,1723572.8485658278
1183474-SAN ROQUE,123167.62904313643
1204110-SANTIAGO,492841.79593504197
2450012-SAN ROQUE,912509.5457999189
1136539-SAN ROQUE,399989.3912715456
2073837-SAN ROQUE,80032.8815293198
1188432-SAN ROQUE,886537.5721757779
1199060-SAN ROQUE,55137.027509393716
2536906-SANTIAGO,119812.50837465494
1204474-SANTIAGO,787682.8482358898
1196467-SAN ROQUE,15207.64733609098
1205092-SANTIAGO,529316.6642779779
1204497-SANTIAGO,978936.4789797107
1135543-SAN ROQUE,2321590.8590528825
1204528-SANTIAGO,871935.1348006141
1173933-SAN ROQUE,1232963.2076192165
2471431-SAN ROQUE,2458266.1487315837
1135552-SAN ROQUE,2841539.0093186894
1177524-SAN ROQUE,244025.59717227335
2091705-SAN ROQUE,370508.0336769691
1140792-SAN ROQUE,2340305.090757581
1172369-SAN ROQUE,1423584.5295276956
2561052-SANTIAGO,1364809.773784146
1190777-SAN ROQUE,11183.636777274383
1139674-SAN ROQUE,485021.9409724338
2449041-SAN ROQUE,4311985.31191201
2449017-SAN ROQUE,739653.8243725917
1205354-SANTIAGO,272166.03581902344
2089503-SAN ROQUE,1041028.3014930466
1134175-SAN ROQUE,6319112.655088606
1176885-SAN ROQUE,249343.76368228218
1188289-SAN ROQUE,940452.2609645376
1173807-SAN ROQUE,304280.48361182056
2448908-SAN ROQUE,903400.963191953
1135559-SAN ROQUE,833581.3801263866
2448941-SAN ROQUE,376013.10469399166
2448901-SAN ROQUE,826371.2149894509
1150765-SAN ROQUE,17824.6483268741
1184029-SAN ROQUE,119531.09988162151
1135548-SAN ROQUE,777161.5955225958
1205393-SANTIAGO,478428.56781776925
1146868-SAN ROQUE,62381.520247670596
1204504-SANTIAGO,343017.40904368996
2191542-SAN ROQUE,18143941.960489288
2313221-SAN ROQUE,353898.08134173986
1139063-SAN ROQUE,294745.19590808963
1181633-SAN ROQUE,149989.20515498708
1151971-SAN ROQUE,51351.100755016996
1204170-SANTIAGO,1144986.0452467275
1204471-SANTIAGO,705849.620330242
1995766-SANTIAGO,1977566.2078027062
1173943-SAN ROQUE,768610.4570739263
1134260-SAN ROQUE,49663330.02506635
1204560-SANTIAGO,510879.51788113604
1135558-SAN ROQUE,794599.4276433613
1136812-SAN ROQUE,8911353.209556827
2448923-SAN ROQUE,642200.0137158169
1144775-SAN ROQUE,43713.62889507619
2073699-SAN ROQUE,791759.1644007749
1202546-SANTIAGO,412424.10854902415
1192374-SAN ROQUE,10006.11538297407
1134769-SAN ROQUE,1885841.7683472016
1151966-SAN ROQUE,51144.33083993263
1135384-SAN ROQUE,395188.289919644
1174810-SAN ROQUE,257045.44098940084
1202307-SANTIAGO,3942615.950902444
1135355-SAN ROQUE,358059.1592016792
2101327-SAN ROQUE,687175.4539888065
1154985-SAN ROQUE,2399.819411701183
2335842-SANTIAGO,4105973.4898048574
1174809-SAN ROQUE,570953.8891061106
1170337-SAN ROQUE,493607.33314328827
1169222-SAN ROQUE,1441069.4065010448
1136192-SAN ROQUE,2081517.1987227413
1188841-SAN ROQUE,2342322.876593064
2561048-SANTIAGO,1395926.4495630965
1139661-SAN ROQUE,270700.5931356032
1136194-SAN ROQUE,2448359.170254683
1204476-SANTIAGO,750721.1895766009
2448913-SAN ROQUE,498937.63451375935
1204539-SANTIAGO,1817866.1995361454
1186861-SAN ROQUE,545932.0903616922
1204462-SANTIAGO,20678.525406988727
1177071-SAN ROQUE,414380.14813746087
1136510-SAN ROQUE,1952025.8540503334
1154117-SAN ROQUE,3068.1433598225317
1135544-SAN ROQUE,7253551.780031948
1140482-SAN ROQUE,2898805.7024694947
1140789-SAN ROQUE,4307598.491690941
1995585-SANTIAGO,1133482.3924022384
2487482-SAN ROQUE,152213.253787876
1160144-SAN ROQUE,4148.849605072457
2536907-SANTIAGO,2240840.2919840417
2532838-SAN ROQUE,2676164.0762797147
1186431-SAN ROQUE,293522.3899366427
2532841-SAN ROQUE,1714224.4411144445
1147902-SAN ROQUE,400211.3044620817
1165840-SAN ROQUE,24295.03248086433
1135537-SAN ROQUE,369436.1923728587
2448939-SAN ROQUE,4769764.355097591
1150318-SAN ROQUE,11083.11038549022
1176314-SAN ROQUE,38210.58690634523
2311447-SAN ROQUE,27909.177930851874
1173725-SAN ROQUE,827179.4390164458
2561050-SANTIAGO,1553353.952276543
1202341-SANTIAGO,1127014.5365881184
2188517-SAN ROQUE,631861.3119363295
1134811-SAN ROQUE,1479141.332268023
1205387-SANTIAGO,1614356.565471959
1140787-SAN ROQUE,2281046.897138624
1205017-SANTIAGO,433060.59587989055
2311448-SAN ROQUE,4023.0038507703475
1204532-SANTIAGO,496945.31217484595
1156425-SAN ROQUE,41472.41743727917
1202315-SANTIAGO,835968.3384315828
1205389-SANTIAGO,3432490.0026426525
2519553-SAN ROQUE,451675.05364503874
1204669-SANTIAGO,193037.2809884752
1135425-SAN ROQUE,135543.74871956022
1135252-SAN ROQUE,90041.80766569245
2449043-SAN ROQUE,1644143.1948057408
1204116-SANTIAGO,4219608.819765214
1204102-SANTIAGO,761530.1993721362
1135344-SAN ROQUE,775165.3238549139
1136216-SAN ROQUE,444261.00099525903
1205397-SANTIAGO,232465.45158570175
1136538-SAN ROQUE,1157645.401437414
1188581-SAN ROQUE,1401698.1607692658
1188697-SAN ROQUE,556624.827190016
1202078-SANTIAGO,1276563.7584000002
1203038-SANTIAGO,126736.13780513205
1946367-SAN ROQUE,313536.12421311246
1204533-SANTIAGO,553620.157176754
1136516-SAN ROQUE,1016746.1334641584
1135363-SAN ROQUE,130319.1636818838
2449031-SAN ROQUE,1248567.4533192466
2313222-SAN ROQUE,841129.066229877
2171080-SAN ROQUE,551413.476278885
2448948-SAN ROQUE,1205080.3939530584
1136653-SAN ROQUE,974395.350292826
1141206-SAN ROQUE,6526.3393903642445
1134791-SAN ROQUE,8321742.210436689
2137473-SANTIAGO,3396109.459581816
1136526-SAN ROQUE,958286.6002851517
1139103-SAN ROQUE,531184.3884445627
1136155-SAN ROQUE,507485.2312235697
1160108-SAN ROQUE,2344.7688465013775
1140483-SAN ROQUE,706593.1295620666
2449050-SAN ROQUE,867649.9092918031
1204472-SANTIAGO,537277.8957874222
1134792-SAN ROQUE,16374417.116336279
1202316-SANTIAGO,654584.6311679143
1204181-SANTIAGO,1517659.591567959
2133509-SAN ROQUE,481022.17922534654
1205394-SANTIAGO,3784860.5931251487
2448918-SAN ROQUE,940647.5425314718
1170131-SAN ROQUE,624444.2790292763
1174838-SAN ROQUE,549289.2381069404
2375179-SAN ROQUE,384865.86553035
1135359-SAN ROQUE,1335287.9814305264
1205375-SANTIAGO,129324.3384705987
1197374-SAN ROQUE,11341.669031340412
1135551-SAN ROQUE,5809382.968136529
1205382-SANTIAGO,552559.0397806211
2449025-SAN ROQUE,2471518.6795505043
2471432-SAN ROQUE,2967694.7513592592
2448898-SAN ROQUE,1772103.7725662189
1202086-SANTIAGO,759480.0215144574
1165423-SAN ROQUE,538531.2509292628
1995719-SANTIAGO,1009380.463576659
2146386-SANTIAGO,644854.0334607437
1202016-SANTIAGO,663006.3285958832
1200734-SANTIAGO,9521.506592641988
1178319-SAN ROQUE,124058.78730153487
1200017-SANTIAGO,22731329.60304827
1140640-SAN ROQUE,828042.9160096489
2272941-SANTIAGO,1061480.840040717
2448936-SAN ROQUE,859798.9375438517
1204608-SANTIAGO,164417.6693845378
1174056-SAN ROQUE,364591.2500146395
1204593-SANTIAGO,122484.91482937585
1204667-SANTIAGO,231319.15375303416
2519546-SAN ROQUE,209209.7265377562
1134186-SAN ROQUE,6420878.928129294
1173983-SAN ROQUE,548187.8451404367
1188843-SAN ROQUE,2332216.125811702
1153204-SAN ROQUE,125286.03354965104
1166038-SAN ROQUE,85529.5752076323
2311453-SAN ROQUE,3802.9228633026464
2290487-SAN ROQUE,75716.61841131777
1170375-SAN ROQUE,1014015.1229962294
1136537-SAN ROQUE,304021.93472359475
1164746-SAN ROQUE,38108.1022987436
1202338-SANTIAGO,2476455.463178446
1136527-SAN ROQUE,2735568.087000966
1140788-SAN ROQUE,2169082.564255564
1134731-SAN ROQUE,476585.11030542676
2519548-SAN ROQUE,1611190.8578563235
1140824-SAN ROQUE,3244860.0951541164
1136195-SAN ROQUE,209895.94457503525
2488136-SAN ROQUE,37139.92989904465
2073089-SAN ROQUE,147965646.74182108
1204526-SANTIAGO,320483.0041109507
1134812-SAN ROQUE,35603425.63891602
1188847-SAN ROQUE,1800709.9061030014
2448940-SAN ROQUE,1169379.1764224316
1140791-SAN ROQUE,1554890.6515453039
2073700-SAN ROQUE,13770474.70044811
1135550-SAN ROQUE,1481933.8146543582
1172001-SAN ROQUE,447001.7886028118
2561046-SANTIAGO,3444991.9212367814
1204477-SANTIAGO,1526024.4642
1204492-SANTIAGO,6721501.609285726
1204482-SANTIAGO,1430154.8713433633
1136816-SAN ROQUE,460059.5948757548
1134774-SAN ROQUE,1993903.0300134222
1140821-SAN ROQUE,612496.2478009646
1172321-SAN ROQUE,978856.2969559595
1202103-SANTIAGO,939810.3846391012
2449049-SAN ROQUE,668680.8273782956
1204183-SANTIAGO,414640.85373946285
1203910-SANTIAGO,13690.695826329842
1202373-SANTIAGO,712495.9450457086
1140475-SAN ROQUE,73424.35924462891
1202026-SANTIAGO,918082.5861980248
1993207-SAN ROQUE,1690599.279862138
1181140-SAN ROQUE,85670.80789920622
1136503-SAN ROQUE,668171.6235199635
1202261-SANTIAGO,636396.8380740872
1204691-SANTIAGO,334348.5024809655
1135362-SAN ROQUE,1338871.464
1158730-SAN ROQUE,57033.523007211246
1138665-SAN ROQUE,37077.04674936426
1202018-SANTIAGO,439592.573504408
1135356-SAN ROQUE,846727.3484870841
1188876-SAN ROQUE,1062491.0797894115
1204543-SANTIAGO,255724.0456540029
1135366-SAN ROQUE,910152.2445394594
1204496-SANTIAGO,671468.1030962643
2448900-SAN ROQUE,690449.4993927225
1139369-SAN ROQUE,387059.80771020247
1202072-SANTIAGO,824074.7126501051
1187793-SAN ROQUE,3557393.364188662
1990198-SAN ROQUE,16738.930008166557
1204634-SANTIAGO,272644.2438865547
2073835-SAN ROQUE,2439511.4853345244
1136813-SAN ROQUE,1927453.8447106373
1204530-SANTIAGO,950009.9223433821
2449044-SAN ROQUE,6453509.913332115
1196085-SAN ROQUE,34214.818815520106
1205388-SANTIAGO,1831697.486838733
1995689-SANTIAGO,960920.7392885982
1135958-SAN ROQUE,202570.06070395245
1136499-SAN ROQUE,5827375.679276538
1169908-SAN ROQUE,72695.22996324053
2448924-SAN ROQUE,1307496.352485365
2448942-SAN ROQUE,460785.53285639395
1184301-SAN ROQUE,1461022.9669019391
1134719-SAN ROQUE,1194844.3677518212
1202083-SANTIAGO,822258.7850203855
1149018-SAN ROQUE,59981.9924495436
1205352-SANTIAGO,812687.1557416425
1172002-SAN ROQUE,6083964.225916725
1204671-SANTIAGO,1614398.7585549145
1140817-SAN ROQUE,157444.80604814552
1135354-SAN ROQUE,215101.57026976146
2448931-SAN ROQUE,759502.1616189063
2111495-SAN ROQUE,23549754.91185312
2471430-SAN ROQUE,2261541.3237698353
1147173-SAN ROQUE,53207.77483018095
1204654-SANTIAGO,109779.20378954338
1202209-SANTIAGO,323504.71483942156
1995601-SANTIAGO,788464.677052582
1170292-SAN ROQUE,552892.7594555082
1136536-SAN ROQUE,1353491.0867461015
1140823-SAN ROQUE,191199.3828129232
2448905-SAN ROQUE,523718.8637686255
1173264-SAN ROQUE,797855.9818086117
1139048-SAN ROQUE,200386.40584808405
2449042-SAN ROQUE,1302905.7473459023
1140258-SAN ROQUE,1460963.2873197359
1152657-SAN ROQUE,114463.96247691644
1136513-SAN ROQUE,682462.4076695807
1195429-SAN ROQUE,16727.954911058638
1140814-SAN ROQUE,1513710.289005619
1204118-SANTIAGO,3648958.124860685
1204159-SANTIAGO,6167577.523018881
1136650-SAN ROQUE,1545039.3748853325
1136811-SAN ROQUE,1726009.0931893217
1981251-SAN ROQUE,93982.37102085265
1187274-SAN ROQUE,412043.7465932559
1143724-SAN ROQUE,59902.686381672
1204101-SANTIAGO,771721.4550836368
2449018-SAN ROQUE,795070.0800000001
1199934-SANTIAGO,8509998.869654091
1164453-SAN ROQUE,108698.09246348725
1202313-SANTIAGO,4751577.071351756
1188382-SAN ROQUE,555560.359304462
1202311-SANTIAGO,599300.3100882634
2137474-SANTIAGO,1516365.8841886986
2471428-SAN ROQUE,118717.16597163153
2448949-SAN ROQUE,511519.9213628704
1136809-SAN ROQUE,1904161.7081115737
2448907-SAN ROQUE,788431.5727785483
2224141-SANTIAGO,3441775.5224837274
1134801-SAN ROQUE,2378018.6053205854
1202312-SANTIAGO,392978.704037604
1204552-SANTIAGO,408408.809876039
1172419-SAN ROQUE,329114.0260000654
1199541-SAN ROQUE,63151.72076400036
2311451-SAN ROQUE,34198.39394580402
1158954-SAN ROQUE,39615.63742219344
1188787-SAN ROQUE,704613.4542195005
1153780-SAN ROQUE,3469.958986120608
2448935-SAN ROQUE,1224287.3232399067
1205257-SANTIAGO,188781.7596397871
2572854-SANTIAGO,226204.63806378082
1200027-SANTIAGO,13327227.347957924
2111494-SAN ROQUE,379180925.4115619
2448930-SAN ROQUE,868286.2332501806
1135427-SAN ROQUE,76705.91551021041
2449051-SAN ROQUE,1458558.25677904
2448910-SAN ROQUE,1540502.6393597305
1205395-SANTIAGO,1943342.6380708576
1204554-SANTIAGO,367628.8980103969
1134219-SAN ROQUE,21475323.858303927
2342901-SANTIAGO,253295.58956628546
2313228-SAN ROQUE,4448771.7629566975
1163049-SAN ROQUE,306437.7622150565
1204119-SANTIAGO,8278516.441293597
1187813-SAN ROQUE,4517317.968235205
1136532-SAN ROQUE,3706619.286146633
1136505-SAN ROQUE,741914.043125093
2041053-SAN ROQUE,4344.252724127562
1200045-SANTIAGO,2958918.920191053
1136651-SAN ROQUE,781416.1974242785
1200505-SANTIAGO,14438.682971374914
1170381-SAN ROQUE,1229061.5264456666
1156183-SAN ROQUE,212108.31444670417
1204490-SANTIAGO,1685119.9737128837
1171025-SAN ROQUE,1198031.9787250757
1202022-SANTIAGO,2780141.365391387
2448917-SAN ROQUE,1187285.717981583
2139827-SAN ROQUE,271926.87979105936
1204162-SANTIAGO,702131.4167860249
1134770-SAN ROQUE,69240.51768339003
1204500-SANTIAGO,464623.7080650392
1136139-SAN ROQUE,336882.9924424537
1204168-SANTIAGO,633914.5254756043
2448909-SAN ROQUE,1092535.5521169929
1135616-SAN ROQUE,811564.1847645955
2041047-SAN ROQUE,38829738.944314875
1140828-SAN ROQUE,261553.93878642874
1204280-SANTIAGO,700985.5418766767
2120793-SAN ROQUE,524808.1990992943
1170377-SAN ROQUE,2234669.6559174927
1174829-SAN ROQUE,182187.04690269046
1134298-SAN ROQUE,9360854.710553907
2311457-SAN ROQUE,10953.509339750011
1146157-SAN ROQUE,26784.35189001647
2448922-SAN ROQUE,602951.4347043186
2471429-SAN ROQUE,1839274.7867746237
1169666-SAN ROQUE,493756.4151466989
1135338-SAN ROQUE,439420.899533887
1205262-SANTIAGO,746463.7621456885
1139229-SAN ROQUE,385349.75727468514
1188598-SAN ROQUE,1479639.7054420877
1204690-SANTIAGO,3069388.3585348576
1204182-SANTIAGO,395827.23784261075
1193216-SAN ROQUE,92386.73542207653
1204301-SANTIAGO,488956.11085331405
2117978-SANTIAGO,3181588.894788746
1134300-SAN ROQUE,3797139.158303384
1134694-SAN ROQUE,31754073.221537657
1186407-SAN ROQUE,762256.581464079
2448911-SAN ROQUE,1085139.209276665
1189404-SAN ROQUE,28381.700927632875
1136515-SAN ROQUE,1692013.5861816793
1135545-SAN ROQUE,181212.34637349527
2449032-SAN ROQUE,4265345.681480488
1136198-SAN ROQUE,1228237.2232476478
1204144-SANTIAGO,468785.2082907194
1136533-SAN ROQUE,642442.717894793
1204505-SANTIAGO,770630.8507042207
1135744-SAN ROQUE,746502.1957553666
1172688-SAN ROQUE,1400368.4845562447
1202023-SANTIAGO,1563597.7115344922
1197169-SAN ROQUE,76111.3184991322
1204158-SANTIAGO,11969084.390179222
1136519-SAN ROQUE,544481.8322145354
1163212-SAN ROQUE,218016.00511827323
2532840-SAN ROQUE,1018249.2801657427
1204479-SANTIAGO,409840.5709128518
1135365-SAN ROQUE,797032.7056702557
1135361-SAN ROQUE,233105.0605180226
2063789-SAN ROQUE,2263054.857323173
1134299-SAN ROQUE,2600833.448300694
1172466-SAN ROQUE,549645.2060017708
1134794-SAN ROQUE,896265.0703038684
1204653-SANTIAGO,1089661.2573472678
2445410-SAN ROQUE,5425837.848362583
1204483-SANTIAGO,328061.122014553
2471427-SAN ROQUE,2163652.8697716827
1140106-SAN ROQUE,503285.369873421
1134775-SAN ROQUE,73732.86828481263
2311454-SAN ROQUE,8623.787307613675
2445409-SAN ROQUE,345752.2213608647
1204239-SANTIAGO,1330048.8826235652
1169200-SAN ROQUE,1668131.8155780835
2448938-SAN ROQUE,700285.8761602731
2073840-SAN ROQUE,87251.90380129556
1136196-SAN ROQUE,1367841.6302116527
1204480-SANTIAGO,492856.98298040876
2448932-SAN ROQUE,1618627.5052611062
2313224-SAN ROQUE,722555.4000641456
1136713-SAN ROQUE,392861.6546422814
1205019-SANTIAGO,574355.8856808796
1172425-SAN ROQUE,177229.09006622253
2445411-SAN ROQUE,1286065.0062850052
1174539-SAN ROQUE,802410.3705494438
1137348-SAN ROQUE,8287.21757004111
1134554-SAN ROQUE,2822411.341772219
1188842-SAN ROQUE,1548782.2100189435
1181213-SAN ROQUE,40572.20661256397
1174352-SAN ROQUE,298656.2413343579
1140585-SAN ROQUE,1945974.0187332875
1146802-SAN ROQUE,179443.29018943495
1172707-SAN ROQUE,736596.7464375999
1204514-SANTIAGO,652679.6880764912
2448971-SAN ROQUE,748897.8486614595
1140822-SAN ROQUE,434154.4919241923
2276841-SANTIAGO,1374069.9238018454
1136530-SAN ROQUE,303830.6560129684
1202321-SANTIAGO,16842459.42873156
1204494-SANTIAGO,825176.7434864538
2448928-SAN ROQUE,7228054.784144091
1140935-SAN ROQUE,20042.54686851398
1173902-SAN ROQUE,2430477.5750380093
1188749-SAN ROQUE,1477650.5456886292
1172820-SAN ROQUE,812669.7565034352
1136197-SAN ROQUE,633315.8787716212
1204501-SANTIAGO,737644.4724700403
1204487-SANTIAGO,1553152.0812464734
1204124-SANTIAGO,1589357.2268273274
1154012-SAN ROQUE,2111.7966432877442
1190456-SAN ROQUE,7633.027401432555
1161407-SAN ROQUE,9676.951961091527
1135389-SAN ROQUE,249449.392754036
1171881-SAN ROQUE,1132656.3300439394
1204106-SANTIAGO,2210620.77930553
1192080-SAN ROQUE,7306.629569087199
1204481-SANTIAGO,1346850.54049579
2519544-SAN ROQUE,1707114.4098340035
1140481-SAN ROQUE,2255577.3884786326
1140819-SAN ROQUE,278364.43985423003
1995743-SANTIAGO,1304952.367518992
2101355-SAN ROQUE,10628890.41683781
1136629-SAN ROQUE,1271618.5038322452
1190615-SAN ROQUE,13584.347478264921
1142192-SAN ROQUE,28384.744748859393
1204109-SANTIAGO,362806.57605579356
1135549-SAN ROQUE,173997.3102304714
1205358-SANTIAGO,196858.35191795856
2448937-SAN ROQUE,593422.7462213472
2448929-SAN ROQUE,644509.0325781325
1139786-SAN ROQUE,1017439.6541075198
2448925-SAN ROQUE,791303.5672580242
2132805-SAN ROQUE,944136.8595291958
1202021-SANTIAGO,1136292.7465745902
1204491-SANTIAGO,638354.6265076014
1993206-SAN ROQUE,96684260.06959854
1174830-SAN ROQUE,230584.7651121076
2170342-SAN ROQUE,106945.02289241391
1204107-SANTIAGO,633095.626607543
2117979-SANTIAGO,1241606.8360802345
2449015-SAN ROQUE,1151172.267584875
1204510-SANTIAGO,288651.86141457624
1198427-SAN ROQUE,12311.641294552679
2448946-SAN ROQUE,436988.82253115857
2448921-SAN ROQUE,427941.7333083727
2448927-SAN ROQUE,12522473.395089103
1134739-SAN ROQUE,219699.16103190923
1136504-SAN ROQUE,1736745.1365849364
1140555-SAN ROQUE,464890.8464506078
1202308-SANTIAGO,1451054.8270778763
1161117-SAN ROQUE,2767.5251710763614
1204173-SANTIAGO,977108.4148167933
1204537-SANTIAGO,731491.433860868
1205368-SANTIAGO,835806.9397971074
1173904-SAN ROQUE,8351437.025543307
1179270-SAN ROQUE,179793.86239677513
1204126-SANTIAGO,608149.9824971124
1135388-SAN ROQUE,272835.4949970435
2132804-SAN ROQUE,1457247.8922986032
1180116-SAN ROQUE,92884.58419352863
1156433-SAN ROQUE,38014.0675150616
1186289-SAN ROQUE,1510351.510343154
1187718-SAN ROQUE,661528.6052452136
1135360-SAN ROQUE,332125.8012366082
1204588-SANTIAGO,355827.0613650487
1204776-SANTIAGO,697255.9776697943
1202073-SANTIAGO,714044.331996946
1201022-SANTIAGO,8684.43540373361
1172027-SAN ROQUE,3301773.3323013945
1202306-SANTIAGO,2744885.0746230725
1188584-SAN ROQUE,7215648.252182805
1174837-SAN ROQUE,355689.4231035053
1136531-SAN ROQUE,1324406.1978784548
1205360-SANTIAGO,109198.5735632065
1187812-SAN ROQUE,1430079.7136597976
1204161-SANTIAGO,3505010.327188968
1204493-SANTIAGO,2063277.2962904905
1188590-SAN ROQUE,598056.4282057447
1202240-SANTIAGO,109384.03254786626
1188844-SAN ROQUE,3512043.366910039
1150406-SAN ROQUE,32430.146808199028
1204167-SANTIAGO,1023432.4025483457
1204502-SANTIAGO,549554.2593668089
1188838-SAN ROQUE,1739293.3192813157
2120792-SAN ROQUE,629281.5463189512
1202314-SANTIAGO,437537.92364282516
2448904-SAN ROQUE,935830.6215613547
1140816-SAN ROQUE,960188.1427050855
1139408-SAN ROQUE,713825.9014419441
1202310-SANTIAGO,532222.8218731268
2224143-SANTIAGO,3737610.8847932937
2448899-SAN ROQUE,6429731.3917762935
1134793-SAN ROQUE,7226789.836665704
1202309-SANTIAGO,909532.7257193592
1136185-SAN ROQUE,1308554.3962298199
2445408-SAN ROQUE,590888.4316183085
1204488-SANTIAGO,423683.83890543657
2041045-SAN ROQUE,393647.69429207547
1203414-SANTIAGO,29223.00134973472
1136535-SAN ROQUE,538095.0065011195
1205171-SANTIAGO,706155.587091092
1205142-SANTIAGO,313188.85593738564
2041046-SAN ROQUE,17391.775297346947
1188341-SAN ROQUE,738296.5664221438
1204120-SANTIAGO,1895790.4503531032
1204115-SANTIAGO,556347.107636575
1150910-SAN ROQUE,63187.77741638074
2002992-SAN ROQUE,15265.85128669957
1139757-SAN ROQUE,458620.7272217149
1167948-SAN ROQUE,361218.4214882312
1135343-SAN ROQUE,1038060.3639173501
2448906-SAN ROQUE,2677735.4535879265
1138911-SAN ROQUE,1169217.5107078375
2448903-SAN ROQUE,1317077.2411920617
1135352-SAN ROQUE,133213.53657589096
1152751-SAN ROQUE,7531.071378282795
2063790-SAN ROQUE,5855866.633536407
2120790-SAN ROQUE,2134608.522160579
1204277-SANTIAGO,2600995.8355219136
1136708-SAN ROQUE,2593587.8638236444
1202027-SANTIAGO,1170382.4129847172
1140825-SAN ROQUE,291891.60000000003
1204655-SANTIAGO,149519.28549238938
1144211-SAN ROQUE,47513.596034560964
1202011-SANTIAGO,587696.6078604273
1188845-SAN ROQUE,2694436.4688132424
1190102-SAN ROQUE,58755.62076336073
1204670-SANTIAGO,223873.08243462976
2073843-SAN ROQUE,4123.358508365508
1165772-SAN ROQUE,65989.58753404021
1204601-SANTIAGO,148575.44526241088
1173055-SAN ROQUE,486226.6992418363
1153115-SAN ROQUE,62537.9358027723
1202020-SANTIAGO,296988.5161279087
2471434-SAN ROQUE,1891257.6309803473
1205380-SANTIAGO,1109239.2203009818
1174805-SAN ROQUE,320617.9420196456
1138933-SAN ROQUE,721745.9437885868
2449030-SAN ROQUE,733495.5
1200048-SANTIAGO,79497346.73555076
2449029-SAN ROQUE,3839038.9220517445
1174814-SAN ROQUE,136446.70924282432
1136518-SAN ROQUE,2007517.1237489893
1202339-SANTIAGO,132802.7824080867
1204592-SANTIAGO,555078.2579448051
2471425-SAN ROQUE,1435124.5253411431
1202319-SANTIAGO,2348279.2159918747
1205357-SANTIAGO,376449.09988452954
2117983-SANTIAGO,2382284.174234487
1138070-SAN ROQUE,6283.349731177798
1170454-SAN ROQUE,519808.29423563747
1136141-SAN ROQUE,1400916.6704027448
1199958-SANTIAGO,1224541.5578642124
2448897-SAN ROQUE,5350541.163534503
1148067-SAN ROQUE,27027.39870100283
1199917-SANTIAGO,1505942.6077817555
2449052-SAN ROQUE,8098628.807847787
1136705-SAN ROQUE,2392186.8127988554
1135560-SAN ROQUE,457232.0324358444
1135807-SAN ROQUE,2431844.7021285393
1172026-SAN ROQUE,1431264.8072494022
2532839-SAN ROQUE,1724750.6083249522
2436341-SAN ROQUE,151585.93500163956
1170360-SAN ROQUE,919684.5503131814
1140827-SAN ROQUE,2617047.419232634
2313227-SAN ROQUE,770430.8567622917
2561055-SANTIAGO,244607.05958457474
1136218-SAN ROQUE,4049937.7507994305
1202324-SANTIAGO,247655.87504203498
1202082-SANTIAGO,248578.72216135418
1135250-SAN ROQUE,95453.48372040267
1187811-SAN ROQUE,411092.78497021913
1187798-SAN ROQUE,1331709.3980607581
1204485-SANTIAGO,465337.0099221125
1135541-SAN ROQUE,3472402.392004025
1135385-SAN ROQUE,291146.470850086
1135342-SAN ROQUE,464212.49417373224
1200043-SANTIAGO,38065899.85515986
1136712-SAN ROQUE,732126.062780497
1139775-SAN ROQUE,721101.3551223633
1204131-SANTIAGO,607377.2093134188
1138489-SAN ROQUE,92815.99896695267
1140815-SAN ROQUE,205700.91938231612
1135749-SAN ROQUE,194743.63551466854
1173501-SAN ROQUE,37719221.84405895
1204694-SANTIAGO,238840.6534593835
1193243-SAN ROQUE,295146.88886710984
2448920-SAN ROQUE,678542.6598363161
1202346-SANTIAGO,1258660.7826276752
1204534-SANTIAGO,273531.4369251963
1136718-SAN ROQUE,363724.27505249245
1154667-SAN ROQUE,4430.234679807372
1139456-SAN ROQUE,971656.0213107225
1167177-SAN ROQUE,626138.903218235
2458020-SAN ROQUE,590306.6009253843
1161587-SAN ROQUE,9764.671610277921
1187023-SAN ROQUE,446806.75961895415
1136429-SAN ROQUE,42516.897247484594
1188755-SAN ROQUE,621966.0111054914
2089501-SAN ROQUE,283895.4190367042
1993210-SAN ROQUE,2967367.8207606226
1136217-SAN ROQUE,2764142.3992519258
1134732-SAN ROQUE,1780853.9601399885
1202320-SANTIAGO,2301948.754494733
1203427-SANTIAGO,35590.25717170383
1136529-SAN ROQUE,1365034.0784290214
1204122-SANTIAGO,167197.53265345262
1136654-SAN ROQUE,1695329.6688253498
1144103-SAN ROQUE,86351.69046747696
1136648-SAN ROQUE,2121049.143606723
1152320-SAN ROQUE,31141.92014715565
1174808-SAN ROQUE,193882.1624587227
1204666-SANTIAGO,261808.50767906656
1199973-SANTIAGO,7150059.859132574
1162157-SAN ROQUE,113733.9126333656
2449028-SAN ROQUE,1780831.2421601287
1188585-SAN ROQUE,922384.5758630908
1187809-SAN ROQUE,3766257.3677796023
2041049-SAN ROQUE,6866485.791006099
1139338-SAN ROQUE,851489.8642891565
1148485-SAN ROQUE,226305.25757118047
2073842-SAN ROQUE,38600.59134652106
2073701-SAN ROQUE,8729157.560332486
1188586-SAN ROQUE,1688282.8594235498
2458021-SAN ROQUE,1924610.8111390965
1174297-SAN ROQUE,364198.57588843466
1139081-SAN ROQUE,814546.868619826
1140820-SAN ROQUE,1805886.88034588
1138972-SAN ROQUE,2638502.528872608
1138979-SAN ROQUE,696350.4299821245
1199883-SANTIAGO,972456.8649494294
1199894-SANTIAGO,791048.141367177
2532842-SAN ROQUE,2018595.808912431
2536902-SANTIAGO,491238.2747818244
1204540-SANTIAGO,482608.32874049444
1172690-SAN ROQUE,257063.23276289724
1174833-SAN ROQUE,302275.5167856633
1138967-SAN ROQUE,1534480.7122765519
1204499-SANTIAGO,532660.2809861102
1135387-SAN ROQUE,364688.6690212441
1135390-SAN ROQUE,313804.135766668
1136191-SAN ROQUE,1708513.7669154236
1139176-SAN ROQUE,764457.5940185537
1204657-SANTIAGO,176572.33670908524
1141701-SAN ROQUE,45669.46691887226
2170340-SAN ROQUE,11244791.681895262
1136642-SAN ROQUE,226659.73589495267
1138331-SAN ROQUE,6331.144805681499
1140830-SAN ROQUE,464206.87991545605
1136193-SAN ROQUE,483055.03445712506
2449026-SAN ROQUE,1667702.193510209
1135351-SAN ROQUE,865908.4919969693
1134836-SAN ROQUE,2685962.842702295
1155134-SAN ROQUE,804643.9451328262
2170341-SAN ROQUE,338623.3232955106
1172003-SAN ROQUE,3334564.4259019587
1174840-SAN ROQUE,426199.27529320196
2449019-SAN ROQUE,490314.8357928895
1172597-SAN ROQUE,1563787.755487451
1204113-SANTIAGO,740519.245642149
1136711-SAN ROQUE,1572357.8845034689
1204172-SANTIAGO,433786.5135089131
1204470-SANTIAGO,276346.94507474295
1204529-SANTIAGO,540018.4915879586
1202007-SANTIAGO,1072829.0608986416
1136704-SAN ROQUE,835667.6522182553
2117980-SANTIAGO,1340907.6448730538
2121219-SANTIAGO,2137646.4439273975
1188457-SAN ROQUE,773917.6735778614
1202340-SANTIAGO,115835.80417275548
1199897-SANTIAGO,18905027.069449812
1188345-SAN ROQUE,508788.71072424715
2073841-SAN ROQUE,41704.13927062644
1136517-SAN ROQUE,2521596.2879360737
1174812-SAN ROQUE,1831179.6357736797
1136649-SAN ROQUE,428281.681135504
1204721-SANTIAGO,913058.0901694177
1202060-SANTIAGO,948237.7796833373
1174527-SAN ROQUE,227046.9262362587
1173081-SAN ROQUE,575321.2782727887
2204164-SAN ROQUE,2250969.071578193
2182158-SAN ROQUE,58798.23565447829
1188578-SAN ROQUE,2116659.8968038657
2448916-SAN ROQUE,616198.8282733998
1136514-SAN ROQUE,2918030.182098333
2224142-SANTIAGO,384428.8817530682
1202017-SANTIAGO,1220728.9576678437
1135292-SAN ROQUE,192796.35576381726
1173900-SAN ROQUE,1428006.3419837207
2519549-SAN ROQUE,1524080.9687504983
1204896-SANTIAGO,755512.4290369411
1135386-SAN ROQUE,145416.1863213301
1135547-SAN ROQUE,230279.23270493682
1204103-SANTIAGO,454606.3867474434
1196767-SAN ROQUE,11299.766725591508
1169182-SAN ROQUE,1526527.5202132247
2311450-SAN ROQUE,9003.366144328553
1173585-SAN ROQUE,715381.2313611082
1204475-SANTIAGO,682930.152775889
2311458-SAN ROQUE,8715816.33549589
1136512-SAN ROQUE,693549.2594070456
1136522-SAN ROQUE,1175118.9829847869
2448950-SAN ROQUE,351653.2969206859
2449016-SAN ROQUE,515123.41065067245
1202008-SANTIAGO,701346.4669234789
1150429-SAN ROQUE,96851.27344855868
1188099-SAN ROQUE,371107.4819000974
1136710-SAN ROQUE,510927.6508482324
2313225-SAN ROQUE,464699.03971310816
1187810-SAN ROQUE,3746510.3866019333
2073838-SAN ROQUE,160488.53917725262
1136229-SAN ROQUE,295395.4788451091
1204468-SANTIAGO,1264536.3598422688
1172470-SAN ROQUE,246846.73574987368
1155107-SAN ROQUE,2977.5279265108575
1174839-SAN ROQUE,351681.18365357164
2449045-SAN ROQUE,588477.3546959711
2073836-SAN ROQUE,82728.99984764018
1145900-SAN ROQUE,12366.190039070334
2561047-SANTIAGO,2056491.6957053207
1186619-SAN ROQUE,472974.93732371693
1205392-SANTIAGO,3220465.2624000004
1168852-SAN ROQUE,127131.12811257436
1204692-SANTIAGO,403393.81833115185
2448926-SAN ROQUE,950124.4439564131
2561045-SANTIAGO,10004672.351323526
1140793-SAN ROQUE,224450.33345625087
1205356-SANTIAGO,120609.22286551545
2536905-SANTIAGO,2090899.3806575588
1136520-SAN ROQUE,291093.83209084254
1188748-SAN ROQUE,348219.40378699155
1202024-SANTIAGO,2398250.2032000003
2170339-SAN ROQUE,352535.2004905484
1136142-SAN ROQUE,395492.05313012097
1160532-SAN ROQUE,2344.9653929352203
1161437-SAN ROQUE,57155.00459431425
1150272-SAN ROQUE,4074.0972811021215
1134221-SAN ROQUE,9611164.748359764
2448951-SAN ROQUE,27126593.20047808
1202025-SANTIAGO,2088555.4635122705
1139319-SAN ROQUE,2110107.0548693305
2561051-SANTIAGO,2136909.9331425643
2276842-SANTIAGO,1852087.4274381443
1174835-SAN ROQUE,300017.3856071998
1204689-SANTIAGO,449619.21976543526
2120791-SAN ROQUE,1030056.5799655841
2046581-SAN ROQUE,227923.80853261775
1167220-SAN ROQUE,128275.6235726252
1134779-SAN ROQUE,74258.45324294579
1134758-SAN ROQUE,27394748.78995133
2189718-SAN ROQUE,7467.863439105353
2536900-SANTIAGO,784850.8402223141
2448902-SAN ROQUE,414133.58802412095
1174841-SAN ROQUE,487009.93510796357
1160558-SAN ROQUE,2258.4275314552933
2519547-SAN ROQUE,750277.0598728053
2121835-SANTIAGO,5013445.781900482
1188580-SAN ROQUE,3363461.6101373928
1188839-SAN ROQUE,1325871.5493977845
1158722-SAN ROQUE,93131.77548577102
1136521-SAN ROQUE,258909.50381653095
2073088-SAN ROQUE,1169998.6333513143
2449046-SAN ROQUE,359601.6779176175
1204498-SANTIAGO,276716.61769240286
1173337-SAN ROQUE,767270.1567594855
2561049-SANTIAGO,2501298.055623904
2572855-SANTIAGO,1327063.6001735686
1173868-SAN ROQUE,1088361.293100469
1152666-SAN ROQUE,334997.10180959635
1174007-SAN ROQUE,362948.9244620175
1204111-SANTIAGO,284581.25569026486
2449053-SAN ROQUE,397168.6602838549
1135391-SAN ROQUE,116180.4495990502
1136287-SAN ROQUE,817558.3996369703
1204127-SANTIAGO,274938.70381572406
1173901-SAN ROQUE,2656645.332627123
2050155-SAN ROQUE,20302.24408973412
1136540-SAN ROQUE,678793.2434363697
1205365-SANTIAGO,143518.1432642867
1204658-SANTIAGO,533627.0781183508
1143239-SAN ROQUE,41279.811410948525
1188835-SAN ROQUE,4038394.115670881
1204551-SANTIAGO,487317.4906888513
1204656-SANTIAGO,497464.978994401
1204114-SANTIAGO,708350.7539921983
2313226-SAN ROQUE,785933.9014005096
1188583-SAN ROQUE,2421301.379899223
1172004-SAN ROQUE,722301.1163729288
1172691-SAN ROQUE,1303776.2515013912
1202193-SANTIAGO,974710.8973680767
1136534-SAN ROQUE,368647.86135407205
1172963-SAN ROQUE,1127765.9570229973
2449048-SAN ROQUE,786060.447752242
1204169-SANTIAGO,720223.4903726242
1174821-SAN ROQUE,381488.05615488207
1142723-SAN ROQUE,22059.94797480711
2519545-SAN ROQUE,928028.5926633229
1135340-SAN ROQUE,284695.82943688874
1154532-SAN ROQUE,86772.3271572484
2125141-SAN ROQUE,1749367.6716830702
1135358-SAN ROQUE,1474193.9861510897
1205366-SANTIAGO,1023119.1103206932
1136709-SAN ROQUE,548961.354885376
1138786-SAN ROQUE,47189.64736593377
1205374-SANTIAGO,1968402.4126529759
1204247-SANTIAGO,1120277.355565413
1204117-SANTIAGO,572062.557914927
1144319-SAN ROQUE,5167.858391398214
1151139-SAN ROQUE,3859.8583227424656
1151329-SAN ROQUE,3222.078248018794
1204486-SANTIAGO,256184.50543916348
2041050-SAN ROQUE,35068585.298061654
2311456-SAN ROQUE,3187.455966421566
2120857-SAN ROQUE,16798.563590140744
1197480-SAN ROQUE,10643.13464178575
1135196-SAN ROQUE,73201.12459296316
1174063-SAN ROQUE,788511.4615159899
1135345-SAN ROQUE,472977.54177305737
1187807-SAN ROQUE,2811909.611277407
1172718-SAN ROQUE,740447.223780268
1188850-SAN ROQUE,774030.755523113
1147750-SAN ROQUE,110343.67789901837
1172420-SAN ROQUE,1448289.0624610265
1174157-SAN ROQUE,314403.2776003909
1140794-SAN ROQUE,1265605.1985859643
1185330-SAN ROQUE,507330.6721262028
2536903-SANTIAGO,1088965.6811906344
1172024-SAN ROQUE,3406039.5404889765
2191538-SAN ROQUE,1236994.7111971853
1135357-SAN ROQUE,269370.9634803896
1204130-SANTIAGO,1082286.80587662
1172689-SAN ROQUE,331517.61631540366
1135542-SAN ROQUE,968311.1765358653
2039350-SAN ROQUE,79597.35665627675
2448934-SAN ROQUE,1315589.85
2041052-SAN ROQUE,423720.00958262745
1187091-SAN ROQUE,469842.01448961406
2519552-SAN ROQUE,345628.9212313674
1181985-SAN ROQUE,68251.09066869857
1144800-SAN ROQUE,5848.866693628742
1204535-SANTIAGO,55245.06364768627
1172517-SAN ROQUE,835185.1875961823
2117981-SANTIAGO,2435276.216353411
1140776-SAN ROQUE,805991.8625276437
1136511-SAN ROQUE,3367405.4417391405
1153969-SAN ROQUE,4320.173416273066
1142658-SAN ROQUE,76253.68948728683
2313223-SAN ROQUE,323784.278026291
1204495-SANTIAGO,231821.20694543488
1136506-SAN ROQUE,1546695.0391104752
1173094-SAN ROQUE,298952.2232575795
1181494-SAN ROQUE,374420.5449772078
1199878-SANTIAGO,10470319.8061985
